time,ax,ay,az,gx,gy,gz
10023,0.6629701256752014,1.3797606229782104,-9.98369312286377,0.3967284858226776,0.518798828125,7.080077648162842
10047,-0.09785536676645279,1.0861945152282715,-10.335972785949707,-3.433227300643921,-8.270263671875,15.701292991638184
10072,-2.3656535148620605,-0.6385062336921692,-10.580611228942871,-11.596678733825684,6.423949718475342,25.390623092651367
10096,0.3449401557445526,0.36451125144958496,-9.978801727294922,-11.230467796325684,-13.076781272888184,17.3187255859375
10131,-1.0446059703826904,-0.4599202275276184,-9.907855987548828,-10.894774436950684,2.899169683456421,24.063108444213867
10155,-1.0641770362854004,-0.6947730779647827,-10.350651741027832,-4.180908203125,2.0751953125,22.247312545776367
10233,-0.5920249223709106,0.22262096405029297,-10.0472993850708,-0.1678466647863388,1.5716551542282104,-1.4953612089157104
10258,-0.5357581377029419,0.3229227066040039,-10.118244171142578,2.990722417831421,1.0528564453125,-1.2817381620407104
10287,-0.39631423354148865,0.27154862880706787,-10.086441993713379,2.105712890625,-1.0833740234375,-0.7019042372703552
10311,-0.4745985269546509,0.1369975060224533,-9.829570770263672,1.6021727323532104,0.5340576171875,-1.4953612089157104
10336,-0.4501346945762634,0.1467830389738083,-9.900516510009766,1.6784666776657104,3.112792730331421,-1.9226073026657104
10371,-0.40609976649284363,0.7412543892860413,-9.63386058807373,0.6713866591453552,3.601073980331421,-0.8697509169578552
10396,-0.5112943053245544,0.19815711677074432,-9.819786071777344,0.274658203125,1.4953612089157104,0.4425048530101776
10473,-0.5651147365570068,0.0929626002907753,-9.805107116699219,-0.30517578125,0.1678466647863388,1.5716551542282104
10552,-0.43545639514923096,-0.024463841691613197,-10.032621383666992,2.639770269393921,7.110595226287842,-2.761840581893921
10576,-0.16146135330200195,0.42322444915771484,-9.917641639709473,1.4953612089157104,2.3345947265625,-1.5258787870407104
10600,-0.2935660779476166,0.48927682638168335,-10.01305103302002,0.3814696967601776,1.1749267578125,-0.3356933295726776
10625,-0.39142146706581116,0.24708479642868042,-9.841803550720215,1.4343260526657104,0.4272460639476776,-0.7171630263328552
10660,-0.4525810480117798,0.13944388926029205,-9.966568946838379,4.7607421875,7.080077648162842,-0.0610351525247097
10684,-0.35717207193374634,0.17858603596687317,-9.589825630187988,1.15966796875,2.593993902206421,0.1068115159869194
10709,-0.4427955150604248,0.21772819757461548,-9.888285636901855,-0.7629393935203552,-8.544921875,1.129150390625
10744,-0.4109925329685211,0.1639077365398407,-9.805107116699219,-1.7395018339157104,-5.538939952850342,0.5035400390625
10768,-0.44524192810058594,0.20304988324642181,-10.010603904724121,-0.3204345405101776,-4.0283203125,0.6408690810203552
10846,-0.3400473892688751,0.35717207193374634,-9.9274263381958,0.6561278700828552,1.129150390625,-0.579833984375
10864,-0.4109925329685211,0.25442394614219666,-9.998372077941895,0.8850097060203552,2.01416015625,-0.152587890625
10900,-0.4599202275276184,0.14922942221164703,-10.044854164123535,0.5645751953125,-0.5035400390625,-0.3509521186351776
10924,-0.4599202275276184,0.12721197307109833,-9.995925903320312,0.1983642429113388,-0.015258788131177425,-0.2441406100988388
10949,-0.4648129940032959,0.1810324341058731,-9.902962684631348,0.015258788131177425,0.4272460639476776,-0.2899169921875
10984,-0.49906235933303833,0.2079426497220993,-9.905409812927246,-0.1068115159869194,-1.0223388671875,0.0
11008,-0.4427955150604248,0.16146135330200195,-9.883392333984375,0.4272460639476776,0.0,-0.0457763634622097
11086,-0.4525810480117798,0.21528181433677673,-9.9298734664917,0.03051757626235485,0.30517578125,-0.0457763634622097
11104,-0.44034916162490845,0.19815711677074432,-9.895623207092285,-0.3356933295726776,0.4882812201976776,-0.0762939453125
11139,-0.506401538848877,0.4501346945762634,-9.871159553527832,-1.2359619140625,0.0457763634622097,-0.03051757626235485
11164,-0.2960124611854553,0.5944713354110718,-9.944551467895508,-1.4801024198532104,1.2054443359375,1.6021727323532104
11188,-0.5088478922843933,0.2348528802394867,-9.893177032470703,-2.883910894393921,-0.5950927734375,2.410888671875
11224,-0.38652870059013367,0.4819377064704895,-9.880946159362793,-3.341674566268921,-1.0986328125,4.425048828125
11248,-0.5626683235168457,0.19326435029506683,-10.039960861206055,-3.677367925643921,-0.8850097060203552,4.45556640625
11326,-0.12231920659542084,1.6292917728424072,-10.115797996520996,-2.731323003768921,11.505125999450684,21.148679733276367
11344,-0.42322444915771484,1.1277830600738525,-10.174510955810547,-1.1749267578125,20.584104537963867,22.491453170776367
11379,-0.9002693891525269,-0.7510399222373962,-9.479738235473633,10.864256858825684,43.151851654052734,-16.1590576171875
11403,0.30824437737464905,-0.6800947785377502,-8.841232299804688,-0.1831054538488388,5.584716320037842,-2.731323003768921
11428,-0.10519452393054962,-0.3449401557445526,-10.02528190612793,-2.929687261581421,3.479003667831421,0.579833984375
11463,-0.08317705988883972,0.3816359341144562,-9.995925903320312,-1.9073485136032104,0.1831054538488388,0.015258788131177425
11487,-0.07583791017532349,0.1418902724981308,-9.82712459564209,0.9613036513328552,-1.5563963651657104,-0.2288818210363388
11565,-0.048927683383226395,0.3009052574634552,-9.893177032470703,-0.6713866591453552,-0.7629393935203552,-0.0915527269244194
11583,-0.05382045358419418,0.3057980239391327,-9.902962684631348,0.4730224311351776,0.4119872748851776,-0.0915527269244194
11618,-0.05382045358419418,0.33515462279319763,-9.902962684631348,0.5035400390625,0.03051757626235485,0.0
11642,-0.03424937650561333,0.36940401792526245,-9.924980163574219,0.7019042372703552,0.6103515625,0.0457763634622097
11666,-0.058713220059871674,0.3376010060310364,-9.942105293273926,0.1068115159869194,-0.5645751953125,-0.1068115159869194
11701,-0.04158852994441986,0.3816359341144562,-9.993478775024414,0.3204345405101776,0.0610351525247097,0.9002684950828552
11726,-0.08073067665100098,0.26420947909355164,-9.902962684631348,0.7019042372703552,0.4730224311351776,0.0915527269244194
11803,-0.06360598653554916,0.3620648682117462,-10.079102516174316,3.890990972518921,2.2735595703125,1.6784666776657104
11828,0.06360598653554916,0.6752020120620728,-9.98858642578125,0.2288818210363388,1.220703125,5.477904796600342
11856,-0.014678305014967918,0.33515462279319763,-9.9274263381958,-1.0833740234375,-2.761840581893921,-0.2441406100988388
11880,-0.03180299326777458,0.17858603596687317,-9.91519546508789,-0.6713866591453552,-2.975463628768921,0.2899169921875
11905,-0.10519452393054962,-0.019571073353290558,-9.866267204284668,0.8392333388328552,1.1138916015625,-0.8239745497703552
11940,-0.06605236977338791,0.41343891620635986,-9.86382007598877,2.593993902206421,1.9226073026657104,-2.746581792831421
11964,-0.06360598653554916,0.7216833233833313,-9.995925903320312,0.0,-3.189086675643921,0.518798828125
11989,-0.06115960329771042,0.2886733114719391,-9.944551467895508,1.129150390625,-2.548217535018921,1.2664793729782104
12024,0.3547256886959076,1.0274813175201416,-9.998372077941895,1.1749267578125,-0.9613036513328552,6.805419445037842
12048,-0.7045586109161377,-0.46725934743881226,-10.328634262084961,1.0833740234375,2.288818359375,1.15966796875
12125,-0.08806982636451721,0.08073067665100098,-9.932319641113281,1.3732908964157104,2.548217535018921,0.30517578125
12143,-0.06360598653554916,0.24463841319084167,-10.064424514770508,-0.152587890625,-0.4577636420726776,0.0762939453125
12178,-0.09051621705293655,0.22017458081245422,-9.944551467895508,-0.30517578125,-0.9918212294578552,0.2441406100988388
12203,-0.07828429341316223,0.25931671261787415,-9.978801727294922,0.579833984375,0.6408690810203552,0.1068115159869194
12227,-0.03424937650561333,0.5308653712272644,-9.880946159362793,0.8239745497703552,-2.746581792831421,1.9226073026657104
12262,-0.06360598653554916,0.06849875301122665,-9.991032600402832,0.6866454482078552,-0.0915527269244194,0.0
12286,-0.07339151948690414,0.29845884442329407,-9.949444770812988,0.2593994140625,-0.152587890625,-0.0915527269244194
12363,-0.058713220059871674,0.3131371736526489,-9.946998596191406,0.1831054538488388,-0.0457763634622097,-0.2593994140625
12441,-0.009785536676645279,0.1810324341058731,-9.900516510009766,1.0528564453125,-1.1444091796875,-3.662109136581421
12465,-0.019571073353290558,0.2691022455692291,-9.81489372253418,0.8087157607078552,-2.548217535018921,-2.25830078125
12489,-0.08806982636451721,0.30824437737464905,-9.85648250579834,-1.1444091796875,-13.641356468200684,-3.097533941268921
12514,-0.12231920659542084,0.17369326949119568,-9.85158920288086,-4.241943359375,-19.989013671875,-0.9155272841453552
12549,-0.21772819757461548,0.17369326949119568,-9.976354598999023,-3.280639410018921,-17.120361328125,-9.70458984375
12573,-0.4379027485847473,0.4819377064704895,-9.944551467895508,-1.2664793729782104,-8.7890625,-7.934569835662842
12598,-0.6874339580535889,-0.2788877785205841,-9.902962684631348,1.03759765625,-3.585815191268921,-3.982543706893921
12633,-0.7657182216644287,-0.07828429341316223,-9.6583251953125,-1.6479490995407104,-17.15087890625,-14.770506858825684
12657,-0.21038904786109924,0.20304988324642181,-10.130476951599121,-0.7934569716453552,-17.4713134765625,-13.519286155700684
12734,-0.6287207007408142,0.5797930359840393,-9.861373901367188,5.950927257537842,10.665892601013184,0.8239745497703552
12752,-0.6042568683624268,0.5577755570411682,-9.9274263381958,5.874633312225342,7.202147960662842,19.256591796875
12787,-0.4330099821090698,0.35227930545806885,-10.115797996520996,-4.2572021484375,14.297484397888184,34.881591796875
12812,-0.24953117966651917,-0.10030175000429153,-9.685235023498535,-11.230467796325684,25.665281295776367,22.598264694213867
12836,0.022017456591129303,0.02691022679209709,-9.296259880065918,8.0718994140625,8.7432861328125,4.5166015625
12872,-0.34738653898239136,0.2250673472881317,-10.947568893432617,-3.402709722518921,2.410888671875,-2.227783203125
12896,-0.212835431098938,0.28622692823410034,-9.73660945892334,-3.540038824081421,-7.446288585662842,-0.03051757626235485
12974,-0.17858603596687317,0.2935660779476166,-9.893177032470703,-0.7019042372703552,2.609252691268921,0.2136230319738388
12992,-0.03180299326777458,0.7265760898590088,-9.85158920288086,-2.838134527206421,-3.219604253768921,3.906249761581421
13027,-0.7167905569076538,-0.7706109881401062,-9.805107116699219,-4.6539306640625,-4.4403076171875,0.6408690810203552
13051,-0.2739950120449066,0.11742644011974335,-9.379436492919922,-0.015258788131177425,2.0294189453125,-1.3427733182907104
13075,-0.4697057604789734,-0.3131371736526489,-10.03017520904541,-0.1068115159869194,2.01416015625,0.2899169921875
13111,-0.25931671261787415,0.2837805449962616,-9.905409812927246,-1.9531248807907104,-4.5166015625,0.3509521186351776
13135,-0.15412218868732452,0.506401538848877,-9.966568946838379,-0.4272460639476776,-0.8850097060203552,0.3662109076976776
13212,-0.17613965272903442,0.2568703293800354,-9.976354598999023,0.9002684950828552,-2.3193359375,0.9307860732078552
13237,-0.16635411977767944,0.28622692823410034,-9.893177032470703,-0.9918212294578552,-8.5296630859375,1.129150390625
13266,-0.3938678503036499,0.06360598653554916,-10.08399486541748,0.1068115159869194,-2.410888671875,1.4495848417282104
13290,-0.34249377250671387,0.22017458081245422,-9.961675643920898,0.8239745497703552,0.6103515625,-0.1068115159869194
13314,-0.28622692823410034,0.24219202995300293,-9.964122772216797,0.03051757626235485,-0.3509521186351776,-0.1983642429113388
13349,-0.2886733114719391,0.22751373052597046,-9.902962684631348,-0.3967284858226776,-1.9378660917282104,-0.1831054538488388
13374,-0.3009052574634552,0.2299601137638092,-9.91030216217041,-1.2817381620407104,-4.8980712890625,-0.03051757626235485
13398,-0.35227930545806885,0.24219202995300293,-9.91519546508789,-1.5716551542282104,-6.149291515350342,-0.1373291015625
13433,-0.23974564671516418,0.6898803114891052,-10.037514686584473,0.0610351525247097,1.8463133573532104,-0.274658203125
13457,-0.24953117966651917,0.4819377064704895,-9.934765815734863,1.4801024198532104,5.416869640350342,-0.0762939453125
13535,-0.28622692823410034,0.29111969470977783,-9.932319641113281,-0.0762939453125,-0.5035400390625,-0.0457763634622097
13553,-0.2886733114719391,0.2788877785205841,-9.934765815734863,0.518798828125,0.8392333388328552,-0.0915527269244194
13588,-0.27154862880706787,0.3009052574634552,-9.942105293273926,0.1983642429113388,0.3509521186351776,-0.0762939453125
13612,-0.25931671261787415,0.3057980239391327,-9.924980163574219,0.5035400390625,0.7476806044578552,0.0610351525247097
13636,-0.2617630958557129,0.26420947909355164,-9.917641639709473,0.3509521186351776,0.7476806044578552,0.0
13671,-0.23729926347732544,0.3498329222202301,-9.932319641113281,0.2593994140625,0.9918212294578552,0.2136230319738388
13696,-0.21772819757461548,0.43056362867355347,-10.022835731506348,0.7171630263328552,4.5166015625,0.6561278700828552
13773,0.029356610029935837,0.6433990597724915,-9.704806327819824,2.761840581893921,10.421751976013184,1.3885496854782104
13798,-0.25442394614219666,0.13455112278461456,-9.895623207092285,0.4119872748851776,7.568358898162842,-0.3204345405101776
13826,-0.4330099821090698,-0.5357581377029419,-9.599611282348633,6.042479991912842,13.549803733825684,-0.4119872748851776
13851,0.05137406662106514,-0.5675610899925232,-10.71516227722168,-7.003783702850342,-7.843017101287842,-1.9073485136032104
13875,0.04648130014538765,0.3816359341144562,-10.12558364868164,-5.065917491912842,-6.500243663787842,0.3356933295726776
13910,0.18837158381938934,0.2960124611854553,-10.020389556884766,-0.1831054538488388,-3.906249761581421,-1.3885496854782104
13935,-0.0709451362490654,0.36451125144958496,-9.609396934509277,0.9613036513328552,-1.7700194120407104,-0.30517578125
13959,-0.13944388926029205,0.19815711677074432,-10.020389556884766,2.899169683456421,0.7324218153953552,-0.8239745497703552
13995,-0.21528181433677673,-0.0024463841691613197,-9.917641639709473,1.15966796875,0.7781981825828552,2.3651123046875
14019,0.7534863352775574,0.21772819757461548,-9.543344497680664,-9.979248046875,-26.580808639526367,-4.7149658203125
14043,-0.13210473954677582,-0.2250673472881317,-10.135370254516602,-15.274046897888184,-27.236936569213867,-1.6937254667282104
14079,0.0048927683383226395,0.7877357006072998,-10.135370254516602,-8.514404296875,-10.253905296325684,4.8980712890625
14103,-0.24953117966651917,0.5479900240898132,-10.257688522338867,-1.3580321073532104,6.423949718475342,7.446288585662842
14127,-0.5186334252357483,-0.022017456591129303,-10.191636085510254,1.4648436307907104,19.134521484375,14.663695335388184
14162,-0.6923267245292664,-0.12231920659542084,-9.687681198120117,2.25830078125,7.675170421600342,15.243529319763184
14187,-0.6654164791107178,-0.5528827905654907,-9.844249725341797,-3.997802495956421,0.579833984375,7.186889171600342
14211,-0.5479900240898132,-0.014678305014967918,-10.074210166931152,-4.7454833984375,-3.372192144393921,3.692626714706421
14247,-0.2666558623313904,0.25931671261787415,-9.861373901367188,1.2664793729782104,1.5411375761032104,0.1373291015625
14271,-0.17369326949119568,0.09540898352861404,-10.150047302246094,-2.3193359375,-1.5411375761032104,1.4190672636032104
14296,-0.20304988324642181,-0.8733591437339783,-10.120691299438477,-2.1514892578125,1.1749267578125,0.2288818210363388
14331,-0.3376010060310364,-0.3278154730796814,-9.768411636352539,-2.0751953125,7.278441905975342,-3.860473394393921
14355,-0.17858603596687317,0.17613965272903442,-9.746394157409668,2.990722417831421,14.984129905700684,-2.853393316268921
14432,0.11253367364406586,1.2501022815704346,-8.931748390197754,-0.0915527269244194,10.696410179138184,1.068115234375
14457,0.009785536676645279,1.2623342275619507,-9.91519546508789,-0.152587890625,0.8392333388328552,-0.1220703050494194
14485,0.014678305014967918,1.0813018083572388,-10.14515495300293,-1.2969969511032104,0.5340576171875,-0.8544921278953552
14510,-0.12965835630893707,-0.03424937650561333,-10.01305103302002,3.326415777206421,1.007080078125,-0.274658203125
14534,0.009785536676645279,0.4476882815361023,-10.093781471252441,3.402709722518921,-0.7171630263328552,-0.7171630263328552
14569,0.0,0.4599202275276184,-9.949444770812988,2.349853515625,-0.0457763634622097,-0.015258788131177425
14594,-0.058713220059871674,0.7070050239562988,-10.0472993850708,3.005981206893921,2.4261474609375,-0.4425048530101776
14618,-0.04648130014538765,0.4036533832550049,-9.812446594238281,3.799438238143921,-0.152587890625,0.4272460639476776
14653,0.0024463841691613197,0.38652870059013367,-10.039960861206055,1.2054443359375,-1.0223388671875,0.2899169921875
14677,-0.0024463841691613197,0.4476882815361023,-9.9298734664917,0.54931640625,-0.3967284858226776,0.9307860732078552
14755,-0.04648130014538765,0.2886733114719391,-9.954336166381836,0.4577636420726776,0.1678466647863388,-0.5950927734375
14773,-0.08562344312667847,0.32536908984184265,-9.944551467895508,0.0457763634622097,0.1068115159869194,-0.4272460639476776
14808,-0.07828429341316223,0.32047632336616516,-9.951889991760254,1.9531248807907104,0.4882812201976776,0.4882812201976776
14832,-0.022017456591129303,0.5724538564682007,-9.939659118652344,-0.2441406100988388,-1.0833740234375,1.068115234375
14856,-0.10030175000429153,0.1688005030155182,-9.98369312286377,-0.3967284858226776,-0.7476806044578552,0.0610351525247097
14891,-0.05382045358419418,0.36940401792526245,-9.900516510009766,-0.3509521186351776,0.2288818210363388,-0.3356933295726776
14916,-0.05626683682203293,0.3669576346874237,-9.956783294677734,0.8239745497703552,0.2899169921875,0.1373291015625
14993,-0.12965835630893707,0.17858603596687317,-9.961675643920898,-0.3356933295726776,0.1983642429113388,-0.9307860732078552
15018,-0.12721197307109833,0.1369975060224533,-9.834464073181152,1.2054443359375,2.44140625,-2.4261474609375
15047,0.9922412633895874,0.003609264036640525,0.0346616730093956,0.11934329569339752,3.0077056884765625,0.6287166476249695
time,proportion,orientation real,orientation i,orientation j,orientation k,vx,vy,vz,x,y,z
15047,0.0,0.9922412633895874,0.003609264036640525,0.0346616730093956,0.11934329569339752,3.0077056884765625,0.6287166476249695,-0.10351591557264328,6.736265182495117,2.088590621948242,-3.005871057510376,0.0
15656,0.125,0.9915657043457031,0.005661983508616686,0.03625360503792763,0.12430264800786972,3.6912147998809814,0.609293520450592,-0.11581502109766006,9.131946563720703,2.463348865509033,-3.3220622539520264,0.0
16267,0.25,0.9908081889152527,0.007055980619043112,0.03939757123589516,0.1292179375886917,4.378283977508545,0.5604271292686462,-0.13652922213077545,11.873982429504395,2.795947313308716,-3.6172738075256348,0.0
16877,0.375,0.976712167263031,0.013910721987485886,0.013524822890758514,0.21367482841014862,4.78684663772583,0.4532475173473358,-0.16476504504680634,14.90719223022461,3.0571742057800293,-3.9018592834472656,0.0
17488,0.5,0.9286525845527649,0.0360771007835865,0.040548764169216156,0.3669586777687073,5.555594444274902,0.8828145265579224,-0.327910840511322,18.41131019592285,3.6643450260162354,-4.2624640464782715,0.0
18098,0.625,0.9126606583595276,0.012094066478312016,0.03672393783926964,0.40688520669937134,6.450589179992676,0.07196837663650513,-0.38429656624794006,22.478450775146484,3.567296266555786,-4.63094425201416,0.0
18708,0.75,0.9196366667747498,0.022114645689725876,0.05216421186923981,0.3886621296405792,7.546566009521484,-0.014750882983207703,-0.4441570043563843,27.259492874145508,3.5609142780303955,-4.996361255645752,0.0
19318,0.875,0.9045094847679138,0.06662330031394958,0.07855293154716492,0.4138277471065521,8.549299240112305,-1.382867455482483,-0.5539426803588867,32.621253967285156,2.5128302574157715,-5.376928329467773,0.0
19929,1.0,0.8647428750991821,0.1080995500087738,0.09985367953777313,0.48017019033432007,9.601447105407715,-2.6775004863739014,-0.7783092260360718,38.68213653564453,0.7758560180664062,-5.8769426345825195,0.0
20540,0.875,0.8058428764343262,0.058264151215553284,0.09547053277492523,0.5814705491065979,10.557931900024414,-4.161984443664551,-1.0393309593200684,45.26272964477539,-2.0499236583709717,-6.510897636413574,0.0
21149,0.75,0.7962132692337036,0.08845952153205872,0.06300685554742813,0.5951886773109436,11.25547981262207,-5.6762590408325195,-1.261321783065796,52.27974319458008,-5.77410364151001,-7.194672584533691,0.0
21759,0.625,0.8140179514884949,0.08838639408349991,0.034757349640131,0.5730223655700684,11.154165267944336,-7.157055854797363,-1.408797025680542,59.11724853515625,-10.374451637268066,-7.888980865478516,0.0
22370,0.5,0.8071444034576416,0.09672315418720245,0.044919926673173904,0.5806416273117065,10.892106056213379,-8.63588809967041,-1.4533053636550903,65.74170684814453,-15.882050514221191,-8.496891021728516,0.0
22979,0.375,0.8039199709892273,0.09574400633573532,0.045070238411426544,0.5852473378181458,10.546241760253906,-10.10807991027832,-1.6205894947052002,72.11866760253906,-22.290491104125977,-9.189957618713379,0.0
23592,0.25,0.8002208471298218,0.09619653970003128,0.045954328030347824,0.5901532769203186,10.195390701293945,-11.567843437194824,-1.7975480556488037,78.28050994873047,-29.586576461791992,-9.922565460205078,0.0
24207,0.125,0.7885475158691406,0.10770609229803085,0.051984552294015884,0.6032328009605408,9.808479309082031,-13.158520698547363,-1.9595009088516235,84.20628356933594,-37.858970642089844,-10.66811752319336,0.0
24820,0.0,0.7853260040283203,0.10080622881650925,0.049573902040719986,0.6088051795959473,9.396746635437012,-14.752592086791992,-2.173468828201294,89.96820068359375,-47.255611419677734,-11.498625755310059,0.0
25429,0.125,0.781346321105957,0.10241241008043289,0.050596244633197784,0.6135549545288086,8.996207237243652,-16.28116226196289,-2.3547093868255615,95.39060974121094,-57.43702697753906,-12.33661937713623,0.0
26039,0.25,0.7775198817253113,0.10356292873620987,0.05175129696726799,0.6181095838546753,8.587109565734863,-17.83134651184082,-2.5442192554473877,100.56228637695312,-68.56903839111328,-13.201088905334473,0.0
26649,0.375,0.7725069522857666,0.11392860859632492,0.055844251066446304,0.6222015619277954,8.145289421081543,-19.4426212310791,-2.771101236343384,105.4632339477539,-80.68282318115234,-14.1170654296875,0.0
27266,0.5,0.7606929540634155,0.11709065735340118,0.060102593153715134,0.6356285810470581,7.617884159088135,-21.268898010253906,-3.0047709941864014,110.02135467529297,-93.95979309082031,-15.07746410369873,0.0
27879,0.625,0.7561994194984436,0.12080895900726318,0.06234677881002426,0.6400629878044128,7.07027006149292,-23.141704559326172,-3.2785799503326416,114.31795501708984,-108.60199737548828,-16.15340805053711,0.0
28489,0.75,0.7526693344116211,0.11611787974834442,0.062312547117471695,0.6450756788253784,6.518560409545898,-25.00592613220215,-3.589843511581421,118.20249938964844,-124.16532135009766,-17.271286010742188,0.0
29098,0.875,0.7486351728439331,0.11562302708625793,0.062264032661914825,0.649846076965332,5.9953837394714355,-26.807674407958984,-3.8788750171661377,121.77210998535156,-140.8201904296875,-18.439233779907227,0.0
29708,1.0,0.8089396357536316,0.11625292897224426,0.05060547590255737,0.5740566253662109,5.576080322265625,-28.418071746826172,-4.107605457305908,125.07292938232422,-158.4302978515625,-19.608884811401367,0.0
30318,0.875,0.7726919054985046,0.1236448585987091,0.06122671440243721,0.6196050643920898,5.14484977722168,-30.224929809570312,-4.400965690612793,128.15516662597656,-177.1478271484375,-20.85356903076172,0.0
30928,0.75,0.769725501537323,0.12056934088468552,0.06131003797054291,0.6238804459571838,4.648617744445801,-32.083839416503906,-4.6880645751953125,130.90760803222656,-197.02830505371094,-22.151472091674805,0.0
31538,0.625,0.7660732269287109,0.1209961548447609,0.06224291771650314,0.6281858682632446,4.173625469207764,-33.885440826416016,-4.962052822113037,133.37466430664062,-217.99598693847656,-23.48459815979004,0.0
32148,0.5,0.7616961598396301,0.12455668300390244,0.06416675448417664,0.6326035857200623,3.6706721782684326,-35.73873519897461,-5.255218029022217,135.53150939941406,-240.09970092773438,-24.862939834594727,0.0
32758,0.375,0.7572025656700134,0.12839891016483307,0.06641001254320145,0.6369833946228027,3.143047332763672,-37.64289093017578,-5.563289642333984,137.36306762695312,-263.37274169921875,-26.28894805908203,0.0
33368,0.25,0.7529317736625671,0.1303524374961853,0.06720076501369476,0.6415497064590454,2.590981960296631,-39.57260513305664,-5.886209964752197,138.85348510742188,-287.82891845703125,-27.77018165588379,0.0
33978,0.125,0.7487512230873108,0.13113754987716675,0.06839367002248764,0.646139919757843,2.0342416763305664,-41.50289535522461,-6.210251808166504,140.00355529785156,-313.4626159667969,-29.30008888244629,0.0
34588,0.0,0.7444096803665161,0.13266447186470032,0.0698235034942627,0.6506758332252502,1.4552160501480103,-43.47349548339844,-6.555853366851807,140.79721069335938,-340.30364990234375,-30.88612174987793,0.0
35198,0.125,0.7402012348175049,0.13298632204532623,0.07109905779361725,0.655256986618042,0.8731938600540161,-45.446746826171875,-6.902963161468506,141.2335968017578,-368.34979248046875,-32.520503997802734,0.0
35808,0.25,0.7359156608581543,0.13388192653656006,0.07228682935237885,0.6597563624382019,0.2915050983428955,-47.4244384765625,-7.254461288452148,141.3149871826172,-397.6038513183594,-34.20004653930664,0.0
36418,0.375,0.731154203414917,0.13796894252300262,0.0742739737033844,0.6639740467071533,-0.31955304741859436,-49.439395904541016,-7.599847316741943,141.0215606689453,-428.08978271484375,-35.91674041748047,0.0
37028,0.5,0.7265240550041199,0.14068250358104706,0.07629287987947464,0.668244481086731,-0.9590684175491333,-51.49166488647461,-7.969236850738525,140.33241271972656,-459.8338928222656,-37.687740325927734,0.0
37638,0.625,0.7220627069473267,0.1417064219713211,0.07751975208520889,0.6727076172828674,-1.6090689897537231,-53.56863021850586,-8.358521461486816,139.24453735351562,-492.8515625,-39.5119514465332,0.0
38248,0.75,0.717474102973938,0.1438215970993042,0.07877346128225327,0.677008867263794,-2.2825069427490234,-55.66456985473633,-8.75603199005127,137.74334716796875,-527.1495361328125,-41.40153884887695,0.0
38858,0.875,0.7127282619476318,0.14649583399295807,0.08047536760568619,0.6812350153923035,-2.977933645248413,-57.79401397705078,-9.168021202087402,135.81288146972656,-562.7535400390625,-43.345645904541016,0.0
39468,1.0,0.70824134349823,0.1472950279712677,0.08195669203996658,0.6855520009994507,-3.6940765380859375,-59.937503814697266,-9.591771125793457,133.44195556640625,-599.6678466796875,-45.3555908203125,0.0
40078,0.875,0.7036955952644348,0.1481882929801941,0.08358050882816315,0.6898311376571655,-4.412300109863281,-62.093414306640625,-10.02219009399414,130.63267517089844,-637.8981323242188,-47.41999816894531,0.0
40688,0.75,0.6983909010887146,0.15374574065208435,0.08585644513368607,0.693715512752533,-5.147645473480225,-64.27696990966797,-10.445029258728027,127.37454986572266,-677.463134765625,-49.528297424316406,0.0
41298,0.625,0.6938968300819397,0.15452514588832855,0.0878724604845047,0.6977877020835876,-5.913729190826416,-66.5067138671875,-10.903436660766602,123.64167785644531,-718.3983764648438,-51.70728302001953,0.0
41908,0.5,0.6851361393928528,0.1834774613380432,0.10158578306436539,0.6975706815719604,-6.773169994354248,-68.86888122558594,-11.538362503051758,119.37395477294922,-760.7796630859375,-54.06923294067383,0.0
42518,0.375,0.6799092888832092,0.1869838386774063,0.10361196100711823,0.7014449238777161,-7.687423229217529,-71.44026184082031,-12.165245056152344,114.53541564941406,-804.7799072265625,-56.57195281982422,0.0
43129,0.25,0.6707302927970886,0.1919936090707779,0.10733949393033981,0.7083343863487244,-8.680106163024902,-74.0615463256836,-12.836207389831543,109.07936096191406,-850.3846435546875,-59.217796325683594,0.0
43738,0.125,0.6847999095916748,0.179873988032341,0.10126064717769623,0.6988853812217712,-9.682058334350586,-76.66433715820312,-13.504793167114258,103.0078125,-897.5918579101562,-62.01683044433594,0.0
44348,0.0,0.6794736385345459,0.18482285737991333,0.10399657487869263,0.7023822665214539,-10.622852325439453,-79.271728515625,-14.16172981262207,96.37582397460938,-946.3740844726562,-64.9109878540039,0.0
44958,0.125,0.6724942922592163,0.1822197586297989,0.10531562566757202,0.7095463871955872,-11.566130638122559,-81.89283752441406,-14.832320213317871,89.16180419921875,-996.7625732421875,-67.91648864746094,0.0
45568,0.25,0.6641062498092651,0.18165577948093414,0.10919490456581116,0.7169662117958069,-12.534268379211426,-84.54740142822266,-15.482954978942871,81.35449981689453,-1048.7723388671875,-71.00605010986328,0.0
46178,0.375,0.6590878367424011,0.18381647765636444,0.11045079678297043,0.7208435535430908,-13.52598762512207,-87.1984634399414,-16.167522430419922,72.93583679199219,-1102.3988037109375,-74.20294189453125,0.0
46788,0.5,0.6541634202003479,0.18495258688926697,0.11197692900896072,0.7247924208641052,-14.521282196044922,-89.86266326904297,-16.861412048339844,63.91398239135742,-1157.651123046875,-77.49657440185547,0.0
47398,0.625,0.6235386729240417,0.17964528501033783,0.11870333552360535,0.7515561580657959,-15.836419105529785,-92.49381256103516,-17.472929000854492,54.114925384521484,-1214.515380859375,-80.8359603881836,0.0
48008,0.75,0.6288194060325623,0.19378456473350525,0.13727927207946777,0.7403973340988159,-16.947467803955078,-95.14424896240234,-18.288278579711914,43.538658142089844,-1272.97802734375,-84.29812622070312,0.0
48618,0.875,0.7840861678123474,0.21439678966999054,0.08945830166339874,0.5755347013473511,-16.853675842285156,-98.12467193603516,-19.140153884887695,33.39445114135742,-1333.3682861328125,-88.01531219482422,0.0
